76,阿尔法-罗米欧,348,156,
76,阿尔法-罗米欧,1224,Giulietta,
76,阿尔法-罗米欧,1225,MiTo,
76,阿尔法-罗米欧,1226,4C,
76,阿尔法-罗米欧,1632,阿尔法罗米欧Gloria,
75,阿斯顿·马丁,350,DB9,
75,阿斯顿·马丁,576,Vantage,
75,阿斯顿·马丁,577,DBS,
75,阿斯顿·马丁,807,Rapide,
75,阿斯顿·马丁,808,ONE-77,
75,阿斯顿·马丁,976,Cygnet,
75,阿斯顿·马丁,1193,Zagato,
75,阿斯顿·马丁,1264,Virage,
75,阿斯顿·马丁,1594,Vanquish,
75,阿斯顿·马丁,1764,Lagonda,
108,AMG,731,C AMG,
108,AMG,732,CLS AMG,
108,AMG,734,M AMG,
108,AMG,735,S AMG,
108,AMG,736,SL AMG,
108,AMG,737,SLK AMG,
108,AMG,738,SLS AMG,
108,AMG,1602,G AMG,
108,AMG,1610,E AMG,
108,AMG,1628,A AMG,
108,AMG,1726,CLA AMG,
108,AMG,1727,GL AMG,
108,AMG,1779,GLA AMG,
108,AMG,2065,AMG GT,
1,奥迪,9,奥迪A4L,
1,奥迪,10,奥迪A6L,
1,奥迪,710,奥迪Q5,
1,奥迪,1605,奥迪Q3,
1,奥迪,1933,奥迪A3,
1,奥迪,234,奥迪A3-进口,
1,奥迪,236,奥迪TT,
1,奥迪,237,奥迪A8L,
1,奥迪,239,奥迪A4-进口,
1,奥迪,294,奥迪A2,
1,奥迪,389,奥迪Q7,
1,奥迪,534,奥迪R8,
1,奥迪,553,奥迪A5,
1,奥迪,620,奥迪Q5-进口,
1,奥迪,747,奥迪A1,
1,奥迪,840,奥迪A7,
1,奥迪,919,奥迪Q3-进口,
1,奥迪,948,奥迪Q5-混动,
1,奥迪,1179,奥迪Urban,
1,奥迪,1216,奥迪R8 e-tron,
1,奥迪,1341,奥迪A6-混动,
1,奥迪,1368,奥迪A3-电动,
1,奥迪,1370,奥迪A6,
1,奥迪,1468,奥迪A6 e-tron,
1,奥迪,1515,奥迪Q3金龙驭风,
1,奥迪,1555,奥迪Q2,
1,奥迪,1580,奥迪Crosslane Coupe,
1,奥迪,1645,奥迪A3 g-tron,
1,奥迪,1780,奥迪A8,
1,奥迪,1793,奥迪Nanuk Quattro,
1,奥迪,1806,奥迪Sport Quattro,
1,奥迪,1833,奥迪Q1,
1,奥迪,1873,奥迪allroad,
1,奥迪,1995,TT offroad,
1,奥迪,761,奥迪S8,
1,奥迪,1454,奥迪S4,
1,奥迪,1455,奥迪S6,
1,奥迪,1554,奥迪S3,
1,奥迪,1574,奥迪SQ5,
1,奥迪,1654,奥迪S7,
1,奥迪,1729,奥迪S1,
1,奥迪,1730,奥迪S5,
1,奥迪,1741,奥迪TTS,
1,奥迪,982,奥迪RS6,
1,奥迪,1398,奥迪RS4,
1,奥迪,1453,奥迪RS5,
1,奥迪,1456,奥迪RS Q3,
1,奥迪,1614,奥迪RS7,
1,奥迪,1731,奥迪RS3,
1,奥迪,1734,奥迪RS1,
1,奥迪,1742,奥迪TT RS,
137,北汽绅宝,1442,绅宝D70,
137,北汽绅宝,1503,绅宝D50,
137,北汽绅宝,1963,绅宝D60,
137,北汽绅宝,2089,绅宝D20,
137,北汽绅宝,2102,绅宝D80,
137,北汽绅宝,2130,绅宝X65,
148,北汽幻速,1889,幻速S2,
148,北汽幻速,1890,幻速S3,
148,北汽幻速,2134,幻速H2,
153,北汽新能源,2015,北汽新能源E150EV,
153,北汽新能源,2113,北汽新能源EV200,
153,北汽新能源,2115,北汽新能源ES210,
121,北汽威旺,1152,北汽威旺306,
121,北汽威旺,1606,北汽威旺205,
121,北汽威旺,1775,北汽威旺M20,
121,北汽威旺,2140,北汽威旺007,
121,北汽威旺,2145,北汽威旺307,
3,奔驰,357,奔驰E级,
3,奔驰,539,奔驰C级,
3,奔驰,944,奔驰GLK,
3,奔驰,300,奔驰C级-进口,
3,奔驰,301,奔驰E级-进口,
3,奔驰,305,奔驰S级,
3,奔驰,306,奔驰A级,
3,奔驰,315,奔驰CLK,
3,奔驰,319,奔驰CLS,
3,奔驰,320,奔驰SL,
3,奔驰,321,奔驰SLK,
3,奔驰,322,奔驰M级,
3,奔驰,324,奔驰G级,
3,奔驰,489,奔驰R级,
3,奔驰,491,奔驰GL,
3,奔驰,599,奔驰GLK-进口,
3,奔驰,605,奔驰B级,
3,奔驰,727,奔驰CL级,
3,奔驰,819,奔驰S级-混动,
3,奔驰,954,奔驰B级-电动,
3,奔驰,1061,Concept Style Coupe,
3,奔驰,1135,奔驰乌尼莫克,
3,奔驰,1204,奔驰F125!,
3,奔驰,1372,奔驰E级-混动,
3,奔驰,1414,奔驰CLA,
3,奔驰,1681,奔驰GLA,
3,奔驰,1740,奔驰Ener-G-Force,
3,奔驰,1802,奔驰S Coupe,
3,奔驰,1916,奔驰V级,
3,奔驰,1992,奔驰coupe suv,
3,奔驰,2092,梅赛德斯-迈巴赫,
3,奔驰,2124,奔驰GLE Coupe,
3,奔驰,809,奔驰唯雅诺,
3,奔驰,828,奔驰威霆,
3,奔驰,1270,奔驰凌特,
25,北汽制造,26,陆霸,
25,北汽制造,27,战旗,
25,北汽制造,194,雷驰,
25,北汽制造,493,北汽骑士,
25,北汽制造,837,域胜007,
25,北汽制造,1252,吉普212旋风,
25,北汽制造,1253,勇士,
25,北汽制造,1254,角斗士,
2,本田,86,雅阁,
2,本田,87,奥德赛,
2,本田,88,飞度,
2,本田,407,思迪,
2,本田,602,锋范,
2,本田,794,歌诗图,
2,本田,1327,凌派,
2,本田,1619,缤智,
2,本田,145,CR-V,
2,本田,395,思域,
2,本田,659,思铂睿,
2,本田,1279,思铭,
2,本田,1329,杰德,
2,本田,1528,艾力绅,
2,本田,2045,XR-V,
2,本田,251,FCX,
2,本田,299,时韵,
2,本田,302,气浪,
2,本田,303,思域-混动,
2,本田,313,里程,
2,本田,646,Insight,
2,本田,847,CR-Z,
2,本田,975,飞度EV-电动,
2,本田,1107,飞度-混动版,
2,本田,1307,本田Micro-Commter,
2,本田,1308,本田AC-X,
2,本田,1328,EV STER,
2,本田,1334,N concept_1,
2,本田,1693,Concept M,
2,本田,1856,思域-进口,
2,本田,1996,本田CONCEPT B,
2,本田,2062,HR-V,
2,本田,2126,奥德赛-进口,
66,奔腾,429,奔腾B70,
66,奔腾,546,奔腾B50,
66,奔腾,888,奔腾X80,
66,奔腾,1069,奔腾B90,
66,奔腾,1102,奔腾B70 HEV,
66,奔腾,1509,奔腾B50 EV,
66,奔腾,1752,奔腾B30,
66,奔腾,2003,奔腾π,
8,别克,64,君威,
8,别克,66,凯越,
8,别克,154,GL8,
8,别克,170,荣御,
8,别克,388,君越,
8,别克,476,林荫大道,
8,别克,618,凯越HRV,
8,别克,814,英朗,
8,别克,952,君越-混动,
8,别克,994,昂科威,
8,别克,1380,昂科拉,
8,别克,530,昂科雷,
8,别克,1672,Riviera,
8,别克,2138,别克Avenir,
5,标致,144,标致307,
5,标致,361,标致206,
5,标致,592,标致207,
5,标致,721,标致408,
5,标致,838,标致508,
5,标致,904,标致301,
5,标致,1180,标致308,
5,标致,1571,标致2008,
5,标致,1588,标致3008,
5,标致,2090,标致308S,
5,标致,396,标致206CC,
5,标致,397,标致307-进口,
5,标致,398,标致407,
5,标致,399,标致607,
5,标致,400,标致807,
5,标致,408,标致406,
5,标致,554,标致207-进口,
5,标致,570,标致308-进口,
5,标致,594,标致107,
5,标致,798,标致RCZ,
5,标致,886,标致3008-进口,
5,标致,1038,标致SXC,
5,标致,1128,标致908Hybrid4,
5,标致,1187,标致508RXH,
5,标致,1259,标致208,
5,标致,1417,标致4008,
5,标致,1510,标致URBAN CROSSOVER,
5,标致,1527,标致301-进口,
5,标致,1688,标致ONYX,
5,标致,1781,标致5008,
5,标致,1902,标致108,
5,标致,1948,标致EXALT,
79,布加迪,541,威航,
79,布加迪,1419,Grand Sport,
78,宾利,217,雅致,
78,宾利,219,欧陆,
78,宾利,769,慕尚,
78,宾利,1393,飞驰,
78,宾利,1402,Falcon,
139,巴博斯,1440,巴博斯Smart,
139,巴博斯,1473,巴博斯SLK级,
139,巴博斯,1489,巴博斯CLS级,
139,巴博斯,1495,巴博斯S级,
139,巴博斯,1680,巴博斯M级,
139,巴博斯,1804,巴博斯G级,
139,巴博斯,1805,巴博斯E级,
139,巴博斯,1990,巴博斯GL级,
4,宝马,119,宝马3系,
4,宝马,168,宝马5系,
4,宝马,940,宝马5系-混动,
4,宝马,1269,宝马X1,
4,宝马,198,宝马3系-进口,
4,宝马,335,宝马7系,
4,宝马,409,宝马X3,
4,宝马,411,宝马X5,
4,宝马,412,宝马Z4,
4,宝马,415,宝马6系,
4,宝马,416,宝马5系-进口,
4,宝马,529,宝马1系,
4,宝马,558,宝马X6,
4,宝马,665,宝马X1-进口,
4,宝马,789,宝马7系-混动,
4,宝马,790,宝马X6-混动,
4,宝马,985,宝马Vision ConnectedDrive,
4,宝马,1048,宝马Active E,
4,宝马,1148,宝马Z2,
4,宝马,1319,宝马5系-混动-进口,
4,宝马,1377,宝马3系-混动,
4,宝马,1556,宝马4系,
4,宝马,1613,宝马X4,
4,宝马,1639,宝马2系Active Tourer,
4,宝马,1651,宝马5系GT,
4,宝马,1652,宝马3系GT,
4,宝马,1811,宝马2系,
4,宝马,1941,宝马X7,
4,宝马,1981,宝马Future Luxury,
4,宝马,583,宝马M3,
4,宝马,621,宝马M5,
4,宝马,622,宝马M6,
4,宝马,693,宝马X5M,
4,宝马,694,宝马X6M,
4,宝马,1251,宝马1系M,
4,宝马,1769,宝马M4,
4,宝马,1824,宝马M2,
4,宝马,911,宝马i8,
4,宝马,1210,宝马i3,
129,宝骏,59,宝骏乐驰,
129,宝骏,873,宝骏630,
129,宝骏,1866,宝骏610,
129,宝骏,1935,宝骏730,
116,北京汽车,905,北京汽车BJ40,
116,北京汽车,1035,北汽T60,
116,北京汽车,1044,北汽B90,
116,北京汽车,1074,北汽B70,
116,北京汽车,1082,北京汽车E系列,
116,北京汽车,1504,北汽C51X,
116,北京汽车,1505,北汽C60F,
116,北京汽车,1507,北汽C90L,
116,北京汽车,1683,北汽Concept500,
116,北京汽车,1985,北京汽车BJ100,
116,北京汽车,1986,北京汽车BJ80,
77,保时捷,256,911,
77,保时捷,371,Cayman,
77,保时捷,372,卡宴,
77,保时捷,373,Boxster,
77,保时捷,393,Carrera GT,
77,保时捷,615,Panamera,
77,保时捷,833,卡宴-混动,
77,保时捷,917,Macan,
77,保时捷,921,Panamera-混动,
77,保时捷,1028,918 Spyder,
26,比亚迪,28,福莱尔,
26,比亚迪,188,比亚迪F3,
26,比亚迪,453,比亚迪S8,
26,比亚迪,503,比亚迪F6,
26,比亚迪,548,比亚迪F0,
26,比亚迪,696,比亚迪G3,
26,比亚迪,752,比亚迪L3,
26,比亚迪,753,比亚迪F3DM,
26,比亚迪,783,比亚迪S6,
26,比亚迪,785,比亚迪M6,
26,比亚迪,881,比亚迪e6,
26,比亚迪,882,比亚迪G6,
26,比亚迪,1436,秦,
26,比亚迪,1446,比亚迪速锐,
26,比亚迪,1586,比亚迪思锐,
26,比亚迪,1692,比亚迪S7,
26,比亚迪,1959,唐,
26,比亚迪,1960,比亚迪G5,
26,比亚迪,1962,比亚迪M3,
26,比亚迪,2104,商,
132,长安商用车,31,星韵,
132,长安商用车,33,镭蒙,
132,长安商用车,158,CM8,
132,长安商用车,880,长安之星7,
132,长安商用车,1139,多功能售货车,
132,长安商用车,1282,欧诺,
132,长安商用车,1581,长安之星,
132,长安商用车,1585,欧力威,
132,长安商用车,1744,长安星光4500,
132,长安商用车,1745,长安之星2,
132,长安商用车,1746,长安之星S460,
132,长安商用车,1818,尊行,
132,长安商用车,1819,睿行,
132,长安商用车,2024,长安神骐,
132,长安商用车,2118,长安之星9,
29,长城,34,长城赛弗,
29,长城,35,长城赛影,
29,长城,184,长城赛骏SUV,
29,长城,515,长城精灵,
29,长城,516,长城V80,
29,长城,586,长城炫丽,
29,长城,625,长城酷熊,
29,长城,674,长城M1,
29,长城,713,长城凌傲,
29,长城,744,长城M2,
29,长城,757,长城C30,
29,长城,775,长城C50,
29,长城,777,长城C70,
29,长城,781,长城炫丽CROSS,
29,长城,782,长城风骏5,
29,长城,934,长城M4,
29,长城,965,长城C20R,
29,长城,968,长城C20EV,
29,长城,999,长城风骏CL,
29,长城,2012,长城风骏6,
29,长城,2106,欧拉,
27,昌河汽车,43,爱迪尔A+,
27,昌河汽车,419,福瑞达,
27,昌河汽车,1153,福运,
27,昌河汽车,2068,福瑞达微卡,
27,昌河汽车,2077,福瑞达M50,
158,成功汽车,2054,成功V1,
158,成功汽车,2069,成功X1,
158,成功汽车,2071,成功K1,
158,成功汽车,2072,成功K2,
158,成功汽车,2073,成功V2,
28,长安汽车,452,奔奔,
28,长安汽车,485,杰勋,
28,长安汽车,540,志翔,
28,长安汽车,604,悦翔,
28,长安汽车,723,奔奔mini,
28,长安汽车,786,CX30,
28,长安汽车,858,CX20,
28,长安汽车,946,逸动,
28,长安汽车,1081,Green-i,
28,长安汽车,1110,长安VOSS,
28,长安汽车,1120,奔奔love-电动版,
28,长安汽车,1126,长安D级,
28,长安汽车,1494,CS35,
28,长安汽车,1497,睿骋,
28,长安汽车,1514,悦翔V5,
28,长安汽车,1532,悦翔V3,
28,长安汽车,1694,CS95,
28,长安汽车,1696,致尚XT,
28,长安汽车,1765,CS75,
28,长安汽车,1984,逸动-混动,
28,长安汽车,2043,悦翔V7,
28,长安汽车,2101,逸动 EV,
122,DS,1397,DS 6,
122,DS,1784,DS 5,
122,DS,1863,DS 5LS,
122,DS,839,DS3,
122,DS,969,DS4,
122,DS,970,DS5-进口,
122,DS,1093,DS survolt,
122,DS,1248,DS5-混动,
122,DS,1424,Numero9,
122,DS,2085,神韵,
35,东南,71,菱帅,
35,东南,72,得利卡,
35,东南,73,富利卡,
35,东南,561,V3菱悦,
35,东南,894,希旺,
35,东南,973,V5菱致,
35,东南,1142,V3菱悦-电动,
35,东南,1274,得利卡-电动,
35,东南,1500,V6菱仕,
35,东南,1976,东南R7,
35,东南,1977,V6菱仕CROSS,
134,东风,504,奥丁,
134,东风,505,御轩,
134,东风,616,帕拉骐,
134,东风,689,锐骐厢式车,
134,东风,691,帅客,
134,东风,728,锐骐皮卡,
134,东风,1087,帅客电动版,
134,东风,1622,俊风CV03,
134,东风,1844,俊风,
6,大众,11,捷达,
6,大众,12,宝来-经典,
6,大众,13,高尔夫,
6,大众,187,开迪,
6,大众,410,速腾,
6,大众,459,迈腾,
6,大众,573,新宝来,
6,大众,765,CC,
6,大众,5,桑塔纳,
6,大众,6,帕萨特,
6,大众,8,高尔,
6,大众,162,途安,
6,大众,549,朗逸,
6,大众,567,Polo,
6,大众,645,PASSAT新领驭,
6,大众,680,途观,
6,大众,1673,朗行,
6,大众,1772,桑塔纳志俊,
6,大众,1783,朗境,
6,大众,1970,凌渡,
6,大众,353,甲壳虫,
6,大众,355,辉腾,
6,大众,356,途锐,
6,大众,422,夏朗,
6,大众,555,迈特威,
6,大众,556,Eos,
6,大众,596,尚酷,
6,大众,606,帕萨特R36,
6,大众,607,CC-进口,
6,大众,612,Tiguan,
6,大众,923,高尔夫-进口,
6,大众,936,途锐-混动,
6,大众,1199,Amarok,
6,大众,1281,迈腾-进口,
6,大众,1320,Passat Alltrack,
6,大众,1337,Bulli,
6,大众,1345,Cross Touran,
6,大众,1349,Cross Coupe,
6,大众,1355,E-Bugster,
6,大众,1357,Jetta,
6,大众,1367,Passat-海外,
6,大众,1369,Jetta-混动,
6,大众,1452,甲壳虫R,
6,大众,1498,辉腾Exclusive,
6,大众,1609,CrossBlue,
6,大众,1630,XL1,
6,大众,1642,e-Co-Motion,
6,大众,1758,Taigun,
6,大众,1801,Caddy,
6,大众,1823,up!-电动,
6,大众,1901,大众T-Roc,
6,大众,1925,凯路威,
6,大众,2087,高尔夫GTE,
81,大宇,327,马蒂兹,
81,大宇,328,REZZO,
159,达西亚,2064,Lodgy,
80,大发,262,大发Bego,
80,大发,438,大发Sonica,
80,大发,1304,大发FC-CASE,
80,大发,1305,大发D-X,
80,大发,1306,大发PICO,
80,大发,1332,大发Mira-eS,
7,道奇,378,凯领,
7,道奇,520,锋哲,
7,道奇,521,酷搏,
7,道奇,522,蝰蛇,
7,道奇,638,酷威,
7,道奇,1363,Dart,
7,道奇,1373,Charger,
7,道奇,1757,Ram,
7,道奇,2035,Challenger,
33,东风风神,649,风神S30,
33,东风风神,720,风神CROSS,
33,东风风神,1092,风神E30L电动车,
33,东风风神,1118,东风猛士,
33,东风风神,1123,风神S30电动版,
33,东风风神,1267,风神A60,
33,东风风神,1474,东风HUV,
33,东风风神,1939,风神AX7,
33,东风风神,1980,风神L60,
33,东风风神,1987,东风1号,
33,东风风神,2004,风神S30混动版,
33,东风风神,2005,风神A60电动车,
33,东风风神,2027,风神A30,
162,东风风度,2143,MX6,
34,东风风行,46,菱智,
34,东风风行,465,景逸,
34,东风风行,1296,景逸SUV,
34,东风风行,1668,CM7,
34,东风风行,1776,景逸X5,
34,东风风行,1894,景逸S50,
34,东风风行,1934,景逸X3,
110,东风小康,718,小康V27,
110,东风小康,799,小康K17,
110,东风小康,800,小康K07,
110,东风小康,801,小康K07II,
110,东风小康,803,小康K06,
110,东风小康,804,小康K01,
110,东风小康,805,小康K02,
110,东风小康,1138,小康K01电动售货车,
110,东风小康,1423,小康V29,
110,东风小康,1561,小康C37,
110,东风小康,1562,小康V07S,
110,东风小康,1748,小康风光,
110,东风小康,2150,小康C36,
37,福田汽车,506,蒙派克E,
37,福田汽车,589,迷迪,
37,福田汽车,1256,拓陆者,
37,福田汽车,1722,萨普,
37,福田汽车,1723,福田风景,
37,福田汽车,1724,蒙派克S,
37,福田汽车,2010,风景G7,
37,福田汽车,2112,伽途V3,
145,福汽启腾,1867,启腾M70,
10,福特,54,嘉年华,
10,福特,56,致胜,
10,福特,332,福克斯,
10,福特,466,麦柯斯,
10,福特,677,蒙迪欧,
10,福特,1466,翼搏,
10,福特,1589,翼虎,
10,福特,1695,福睿斯,
10,福特,2091,锐界,
10,福特,587,锐界-进口,
10,福特,657,野马,
10,福特,1057,福克斯EV,
10,福特,1065,福特Vertrek,
10,福特,1089,C-MAX,
10,福特,1185,嘉年华-进口,
10,福特,1233,福克斯-进口,
10,福特,1234,Evos,
10,福特,1280,探险者,
10,福特,1364,蒙迪欧-进口,
10,福特,1390,B-MAX,
10,福特,1408,KUGA,
10,福特,1566,蒙迪欧-混动,
10,福特,1646,Tourneo Courier,
10,福特,1728,E350,
10,福特,1733,F-150,
10,福特,1893,征服者,
10,福特,1973,福特Everest,
10,福特,2037,福特F650,
10,福特,668,经典全顺,
10,福特,1427,福特新世代全顺,
9,丰田,60,普拉多,
9,丰田,61,威驰,
9,丰田,100,兰德酷路泽,
9,丰田,139,花冠,
9,丰田,160,新皇冠,
9,丰田,334,锐志,
9,丰田,354,普锐斯,
9,丰田,492,卡罗拉,
9,丰田,626,RAV4,
9,丰田,1821,柯斯达,
9,丰田,406,凯美瑞,
9,丰田,544,雅力士,
9,丰田,632,汉兰达,
9,丰田,759,凯美瑞-混动,
9,丰田,887,逸致,
9,丰田,1700,广汽丰田EV,
9,丰田,1778,YARiS L 致炫,
9,丰田,1972,雷凌,
9,丰田,258,世纪,
9,丰田,259,RAV4-海外,
9,丰田,260,普瑞维亚,
9,丰田,498,汉兰达-进口,
9,丰田,524,FJ酷路泽,
9,丰田,862,埃尔法,
9,丰田,864,普拉多-进口,
9,丰田,906,杰路驰,
9,丰田,1037,RAV4-EV,
9,丰田,1049,FT-86,
9,丰田,1050,GsReiz,
9,丰田,1051,AE86,
9,丰田,1063,FT-EV II,
9,丰田,1184,Prius C,
9,丰田,1247,Avensis,
9,丰田,1299,丰田Fun-Vii,
9,丰田,1300,丰田FT-EV III,
9,丰田,1301,丰田FCV-R,
9,丰田,1346,AQUA,
9,丰田,1348,丰田GRMN II,
9,丰田,1381,NS4,
9,丰田,1410,86,
9,丰田,1415,FT-Bh,
9,丰田,1469,丰田亲两厢,
9,丰田,1470,丰田亲三厢,
9,丰田,1478,云动V2,
9,丰田,1578,丰田iQ EV,
9,丰田,1579,Auris,
9,丰田,1593,威飒Venza,
9,丰田,1753,HIACE,
9,丰田,1754,坦途,
9,丰田,1755,红杉,
9,丰田,1869,FT-1,
9,丰田,1897,AYGO,
9,丰田,1969,丰田FV2,
9,丰田,2144,Tacoma,
36,福迪,169,飞越SRV,
36,福迪,172,探索者,
36,福迪,1583,雄狮皮卡,
36,福迪,1584,小超人皮卡,
36,福迪,2078,揽福,
82,法拉利,386,F430,
82,法拉利,387,612,
82,法拉利,471,599,
82,法拉利,584,California,
82,法拉利,916,FF,
82,法拉利,1221,458,
82,法拉利,1387,F12 Berlinetta,
82,法拉利,1625,La Ferrari,
82,法拉利,1736,法拉利360,
11,菲亚特,14,西耶那,
11,菲亚特,15,派力奥,
11,菲亚特,16,周末风,
11,菲亚特,432,派朗,
11,菲亚特,1435,菲翔,
11,菲亚特,1849,致悦,
11,菲亚特,270,多宝,
11,菲亚特,271,博悦,
11,菲亚特,481,朋多,
11,菲亚特,483,领雅,
11,菲亚特,666,菲亚特500,
11,菲亚特,1228,Panda,
11,菲亚特,1278,菲跃,
11,菲亚特,1396,Ellezero,
123,GMC,1168,GMC商务之星,
123,GMC,1169,YUKON,
123,GMC,1756,Sierra,
123,GMC,1872,GMC Canyon,
112,广汽传祺,848,传祺GA5,
112,广汽传祺,958,传祺GS5,
112,广汽传祺,1064,传祺GA5-电动,
112,广汽传祺,1615,传祺E-jet,
112,广汽传祺,1616,传祺GA5-混动,
112,广汽传祺,1617,传祺GS5-电动,
112,广汽传祺,1665,传祺GA3,
112,广汽传祺,1840,传祺WITSTAR,
112,广汽传祺,1957,传祺GA6,
112,广汽传祺,2034,传祺GA3S视界,
112,广汽传祺,2067,传祺GS5速博,
112,广汽传祺,2136,传祺GS4,
133,观致,1607,观致3,
133,观致,1635,观致3 CITY SUV,
43,华晨中华,167,尊驰,
43,华晨中华,380,骏捷,
43,华晨中华,477,酷宝,
43,华晨中华,542,骏捷FRV,
43,华晨中华,644,骏捷FSV,
43,华晨中华,658,骏捷CROSS,
43,华晨中华,930,中华H530,
43,华晨中华,931,中华V5,
43,华晨中华,1077,中华EV,
43,华晨中华,1085,大中华,
43,华晨中华,1441,中华H230,
43,华晨中华,1549,中华H320,
43,华晨中华,1660,中华H330,
43,华晨中华,1677,中华H220,
43,华晨中华,1679,中华C3,
43,华晨中华,1831,中华豚,
43,华晨中华,2103,中华H530-电动,
42,华晨金杯,124,金杯海狮,
42,华晨金杯,655,阁瑞斯,
42,华晨金杯,868,金杯大海狮,
42,华晨金杯,1056,智尚S30,
42,华晨金杯,1173,金杯S50,
42,华晨金杯,1785,小海狮X30,
42,华晨金杯,1822,海星A7,
42,华晨金杯,1825,海星A9,
42,华晨金杯,1826,海星T22,
42,华晨金杯,1827,大力神,
42,华晨金杯,1919,雷龙,
42,华晨金杯,1920,金典,
42,华晨金杯,1937,金杯新海狮,
42,华晨金杯,2147,金杯T30,
42,华晨金杯,2148,金杯T32,
83,悍马,230,悍马H1,
83,悍马,231,悍马H2,
83,悍马,296,悍马H3,
119,海马郑州,746,海马王子,
119,海马郑州,849,福仕达腾达,
119,海马郑州,959,福仕达荣达,
119,海马郑州,960,海马爱尚,
119,海马郑州,961,海马ZM2,
119,海马郑州,962,海马C2,
119,海马郑州,963,海马C3,
119,海马郑州,967,海马王子-电动,
119,海马郑州,1560,福仕达鸿达,
119,海马郑州,1718,福仕达福卡,
41,红旗,102,红旗明仕,
41,红旗,103,红旗世纪星,
41,红旗,104,红旗旗舰,
41,红旗,445,红旗盛世,
41,红旗,1463,红旗H7,
41,红旗,1464,红旗L7,
41,红旗,1710,红旗L9,
41,红旗,1711,红旗L5,
41,红旗,1971,红旗H7混动版,
128,恒天汽车,1448,途腾T1,
128,恒天汽车,1449,途腾T2,
128,恒天汽车,1766,途腾T3,
128,恒天汽车,1837,欢腾H1,
38,哈飞汽车,92,路宝,
38,哈飞汽车,94,赛马,
38,哈飞汽车,186,赛豹,
38,哈飞汽车,656,路尊小霸王,
38,哈飞汽车,861,路尊大霸王,
38,哈飞汽车,1147,骏意,
38,哈飞汽车,1531,新民意,
38,哈飞汽车,1653,中意V5,
39,海马汽车,109,普力马,
39,海马汽车,111,福美来,
39,海马汽车,478,海马3,
39,海马汽车,494,海福星,
39,海马汽车,598,欢动,
39,海马汽车,716,丘比特,
39,海马汽车,739,骑士,
39,海马汽车,1122,丘比特-电动,
39,海马汽车,1277,普力马-电动,
39,海马汽车,1445,海马曜,
39,海马汽车,1597,海马M3,
39,海马汽车,1600,海马M8,
39,海马汽车,1678,海马S7,
39,海马汽车,1708,海马M6,
39,海马汽车,1832,海马S5,
39,海马汽车,2040,福美来M5,
136,哈弗,183,哈弗H3,
136,哈弗,774,哈弗M3,
136,哈弗,776,哈弗H6,
136,哈弗,778,哈弗H5,
136,哈弗,964,哈弗IF,
136,哈弗,1451,哈弗E,
136,哈弗,1601,哈弗H8,
136,哈弗,1670,哈弗H2,
136,哈弗,1684,哈弗H7,
136,哈弗,1958,哈弗H9,
136,哈弗,1982,哈弗coupe,
136,哈弗,1993,哈弗coupe c,
136,哈弗,2050,哈弗H1,
143,海格,1858,海格H5C,
143,海格,1859,海格H5V,
143,海格,2021,龙威,
143,海格,2022,御骏,
143,海格,2075,海格H6C,
143,海格,2080,海格H6V,
45,黄海,244,傲龙,
45,黄海,245,挑战者,
45,黄海,248,领航者,
45,黄海,424,翱龙,
45,黄海,528,旗胜F1,
45,黄海,1084,旗胜V3,
45,黄海,1526,大柴神,
45,黄海,1773,傲骏,
45,黄海,1938,黄海N1,
161,华颂,2108,华颂7,
44,华泰汽车,116,特拉卡,
44,华泰汽车,117,吉田,
44,华泰汽车,441,圣达菲,
44,华泰汽车,730,华泰B11,
44,华泰汽车,834,路盛E70,
44,华泰汽车,835,宝利格,
44,华泰汽车,1471,B11-EV,
44,华泰汽车,1956,新圣达菲,
44,华泰汽车,2008,路盛E90,
84,霍顿,293,政治家,
84,霍顿,910,Captiva,
86,Jeep,414,指挥官,
86,Jeep,501,指南者,
86,Jeep,502,牧马人,
86,Jeep,836,大切诺基,
86,Jeep,987,自由客,
86,Jeep,1655,自由光,
86,Jeep,1910,自由侠,
32,吉利汽车,129,吉利美日三厢,
32,吉利汽车,130,吉利优利欧,
32,吉利汽车,131,吉利美人豹,
32,吉利汽车,133,吉利豪情SRV,
32,吉利汽车,193,吉利自由舰,
32,吉利汽车,421,吉利金刚三厢,
32,吉利汽车,439,吉利远景,
32,吉利汽车,559,吉利金鹰,
32,吉利汽车,560,吉利熊猫,
32,吉利汽车,661,吉利英伦TX4,
32,吉利汽车,662,吉利中国龙,
32,吉利汽车,669,吉利经典帝豪,
32,吉利汽车,692,吉利金刚2代,
32,吉利汽车,701,吉利海景,
32,吉利汽车,772,吉利EC8,
32,吉利汽车,811,吉利卓越GE,
32,吉利汽车,813,吉利金刚CROSS,
32,吉利汽车,825,吉利美日两厢,
32,吉利汽车,869,吉利熊猫CROSS,
32,吉利汽车,966,吉利SX5,
32,吉利汽车,998,吉利SV5,
32,吉利汽车,1003,吉利SX6,
32,吉利汽车,1007,金刚财富,
32,吉利汽车,1018,吉利SC7-RV,
32,吉利汽车,1019,吉利EC6-RV,
32,吉利汽车,1022,吉利星GS-CC,
32,吉利汽车,1026,吉利豪情,
32,吉利汽车,1029,吉利EV7,
32,吉利汽车,1032,吉利GC6,
32,吉利汽车,1033,吉利GX6,
32,吉利汽车,1045,吉利GX5,
32,吉利汽车,1046,吉利星GS,
32,吉利汽车,1047,吉利GC3,
32,吉利汽车,1116,吉利IG,
32,吉利汽车,1117,吉利魔卡,
32,吉利汽车,1287,吉利GC7,
32,吉利汽车,1386,吉利GX7,
32,吉利汽车,1475,吉利EX6,
32,吉利汽车,1502,吉利GC7-RV,
32,吉利汽车,1512,吉利SC7-RS,
32,吉利汽车,1552,吉利SC3,
32,吉利汽车,1590,吉利SX7,
32,吉利汽车,1669,吉利博瑞,
32,吉利汽车,1682,吉利EV8,
32,吉利汽车,1966,吉利帝豪CROSS,
32,吉利汽车,1997,吉利帝豪-混动,
32,吉利汽车,1998,吉利海景-甲醇,
32,吉利汽车,2017,吉利帝豪,
32,吉利汽车,2105,吉利帝豪EV7-EV,
48,江淮汽车,110,瑞风,
48,江淮汽车,467,瑞鹰,
48,江淮汽车,479,宾悦,
48,江淮汽车,579,和悦A13,
48,江淮汽车,667,和悦,
48,江淮汽车,678,和悦RS,
48,江淮汽车,760,悦悦,
48,江淮汽车,890,瑞风M5,
48,江淮汽车,932,星锐,
48,江淮汽车,951,祥和,
48,江淮汽车,955,同悦-电动,
48,江淮汽车,956,和悦iEV4,
48,江淮汽车,1434,瑞风S5,
48,江淮汽车,1444,和悦SC,
48,江淮汽车,1698,和悦A30,
48,江淮汽车,1699,瑞风S3,
48,江淮汽车,1707,和悦A20,
48,江淮汽车,1813,瑞铃,
48,江淮汽车,1839,瑞风M6,
48,江淮汽车,1943,瑞风A6,
48,江淮汽车,1945,瑞风SC-9,
48,江淮汽车,1994,瑞风M3,
48,江淮汽车,2056,瑞驰K5,
48,江淮汽车,2100,和悦IEV5,
48,江淮汽车,2110,瑞驰K3,
48,江淮汽车,2120,瑞风S2,
48,江淮汽车,2122,征途,
114,江铃汽车,865,驭胜,
114,江铃汽车,1559,域虎,
114,江铃汽车,1815,宝典,
160,江铃集团轻汽,2074,骐铃T5,
160,江铃集团轻汽,2146,骐铃T7,
155,江西五十铃,2026,五十铃D-MAX,
155,江西五十铃,2119,五十铃MU-X,
46,广汽吉奥,164,帅凌,
46,广汽吉奥,165,帅威,
46,广汽吉奥,197,凯旋SUV,
46,广汽吉奥,352,帅豹,
46,广汽吉奥,511,凯睿,
46,广汽吉奥,512,吉奥GS50,
46,广汽吉奥,513,帅舰,
46,广汽吉奥,874,奥轩G3,
46,广汽吉奥,899,奥轩G5,
46,广汽吉奥,902,星旺,
46,广汽吉奥,1070,财运500,
46,广汽吉奥,1071,财运300,
46,广汽吉奥,1154,财运100,
46,广汽吉奥,1487,奥轩GX5,
46,广汽吉奥,1719,星旺CL,
46,广汽吉奥,1720,星旺L,
46,广汽吉奥,1721,星旺M1,
46,广汽吉奥,1768,星朗,
46,广汽吉奥,1852,吉奥E美,
46,广汽吉奥,1854,星旺M2,
46,广汽吉奥,1988,吉奥GP150,
46,广汽吉奥,1989,吉奥GX6,
85,捷豹,220,捷豹X-TYPE,
85,捷豹,221,捷豹S-TYPE,
85,捷豹,222,捷豹XJ,
85,捷豹,223,捷豹XK,
85,捷豹,535,捷豹XF,
85,捷豹,1094,捷豹C-X75电动车,
85,捷豹,1238,捷豹C-X16,
85,捷豹,1289,捷豹E-Type,
85,捷豹,1563,捷豹F-Type,
85,捷豹,1798,捷豹C-X17,
85,捷豹,1921,捷豹XE,
85,捷豹,2066,捷豹PROJECT 7,
107,九龙汽车,719,九龙商务车,
107,九龙汽车,2039,艾菲,
14,克莱斯勒,508,大捷龙,
14,克莱斯勒,500,铂锐,
14,克莱斯勒,286,大捷龙-进口,
14,克莱斯勒,446,克莱斯勒300C,
14,克莱斯勒,461,PT漫步者,
14,克莱斯勒,1358,克莱斯勒200,
14,克莱斯勒,1379,克莱斯勒700C,
14,克莱斯勒,1431,克莱斯勒如意,
150,卡威,1922,卡威W1,
150,卡威,1927,卡威K1,
157,凯翼,2048,凯翼C3R,
157,凯翼,2049,凯翼C3,
51,开瑞,497,优翼,
51,开瑞,499,优雅,
51,开瑞,642,优派,
51,开瑞,791,优优,
51,开瑞,792,优胜,
51,开瑞,793,优劲,
51,开瑞,1650,优优2代,
51,开瑞,2128,开瑞K50,
21,凯迪拉克,451,SLS赛威,
21,凯迪拉克,1353,XTS,
21,凯迪拉克,2033,ATS L,
21,凯迪拉克,190,CTS,
21,凯迪拉克,201,SRX,
21,凯迪拉克,207,XLR,
21,凯迪拉克,208,DEVILLE,
21,凯迪拉克,209,STS,
21,凯迪拉克,210,凯雷德,
21,凯迪拉克,820,Escalade-混动,
21,凯迪拉克,1230,CIEL,
21,凯迪拉克,1354,ATS,
21,凯迪拉克,1513,ELR,
149,KTM,1895,X-BOW,
117,柯尼塞格,914,科尼塞克Agera,
117,柯尼塞格,1539,科尼塞克CCXR,
117,柯尼塞格,1900,科尼塞克One:1,
93,林肯,257,领航员,
93,林肯,1359,林肯MKZ,
93,林肯,1537,林肯MKT,
93,林肯,1618,林肯MKC,
93,林肯,2014,林肯MKX,
49,陆风汽车,136,陆风X9,
49,陆风汽车,142,陆风新饰界,
49,陆风汽车,192,陆风X6,
49,陆风汽车,420,陆风风尚,
49,陆风汽车,510,陆风风华,
49,陆风汽车,683,陆风X8,
49,陆风汽车,1582,陆风X5,
49,陆风汽车,2082,陆风X7,
94,路虎,213,卫士,
94,路虎,214,发现,
94,路虎,215,神行者2,
94,路虎,216,揽胜,
94,路虎,741,揽胜运动版,
94,路虎,889,揽胜极光-进口,
94,路虎,1222,路虎DC100,
94,路虎,1294,揽胜-混动,
94,路虎,2038,路虎卫士130,
94,路虎,2051,发现神行,
94,路虎,2083,揽胜极光,
115,理念,891,理念S1,
127,猎豹汽车,40,猎豹黑金刚,
127,猎豹汽车,41,猎豹,
127,猎豹汽车,42,猎豹飞腾,
127,猎豹汽车,153,飞扬,
127,猎豹汽车,514,猎豹CS6,
127,猎豹汽车,537,骐菱,
127,猎豹汽车,1108,猎豹CS7,
127,猎豹汽车,1352,猎豹6481,
127,猎豹汽车,1658,猎豹CT5,
127,猎豹汽车,1659,飞铃,
127,猎豹汽车,1949,猎豹Q6,
127,猎豹汽车,1951,猎豹飞腾C5,
127,猎豹汽车,1953,猎豹CS10,
52,力帆汽车,359,力帆520,
52,力帆汽车,551,力帆320,
52,力帆汽车,552,力帆620,
52,力帆汽车,797,力帆丰顺,
52,力帆汽车,933,力帆X60,
52,力帆汽车,1121,力帆720,
52,力帆汽车,1156,力帆兴顺,
52,力帆汽车,1591,力帆530,
52,力帆汽车,1816,力帆330,
52,力帆汽车,1817,力帆630,
52,力帆汽车,1828,力帆820,
52,力帆汽车,1855,力帆福顺,
52,力帆汽车,1946,力帆X50,
52,力帆汽车,2076,乐途,
16,铃木,55,羚羊,
16,铃木,191,雨燕,
16,铃木,447,天语SX4,
16,铃木,641,奥拓,
16,铃木,897,天语尚悦,
16,铃木,1569,锋驭,
16,铃木,1983,启悦,
16,铃木,44,北斗星,
16,铃木,351,利亚纳,
16,铃木,490,浪迪,
16,铃木,1258,派喜,
16,铃木,1656,北斗星X5,
16,铃木,1841,利亚纳A6,
16,铃木,325,超级维特拉,
16,铃木,326,吉姆尼,
16,铃木,329,AltoVan,
16,铃木,812,凯泽西,
16,铃木,1315,铃木Q,
16,铃木,1316,SWIFT Range Extender,
16,铃木,1317,铃木Regina,
16,铃木,1878,速翼特,
16,铃木,1944,铃木iV-4,
87,蓝旗亚,269,蓝旗亚Thesis,
87,蓝旗亚,1196,蓝旗亚Ypsilon,
87,蓝旗亚,1223,蓝旗亚Thema,
89,劳斯莱斯,381,幻影,
89,劳斯莱斯,705,古思特,
89,劳斯莱斯,1626,魅影,
88,兰博基尼,363,Gallardo,
88,兰博基尼,364,Murcielago,
88,兰博基尼,918,Aventador,
88,兰博基尼,1385,兰博基尼Urus,
88,兰博基尼,1399,Sesto Elemento,
88,兰博基尼,1407,Aventador J,
88,兰博基尼,1538,Reventon,
88,兰博基尼,1633,Veneno,
88,兰博基尼,1864,Huracan,
141,朗世,1687,朗世,
92,路特斯,379,路特斯Elise,
92,路特斯,1054,Europa SE,
92,路特斯,1158,路特斯Evora,
92,路特斯,1159,路特斯Exige,
55,莲花汽车,533,竞速,
55,莲花汽车,593,竞悦,
55,莲花汽车,702,莲花L3,
55,莲花汽车,795,莲花L5,
55,莲花汽车,1055,莲花Artiga,
55,莲花汽车,1499,莲花T5,
55,莲花汽车,1511,莲花L6,
90,雷克萨斯,264,雷克萨斯LS,
90,雷克萨斯,265,雷克萨斯GS,
90,雷克萨斯,266,雷克萨斯IS,
90,雷克萨斯,267,雷克萨斯RX,
90,雷克萨斯,268,雷克萨斯LX,
90,雷克萨斯,343,雷克萨斯SC,
90,雷克萨斯,425,雷克萨斯ES,
90,雷克萨斯,722,雷克萨斯GX,
90,雷克萨斯,726,雷克萨斯LFA,
90,雷克萨斯,821,雷克萨斯LS-混动,
90,雷克萨斯,823,雷克萨斯GS-混动,
90,雷克萨斯,945,雷克萨斯CT,
90,雷克萨斯,1360,雷克萨斯LF-LC,
90,雷克萨斯,1567,雷克萨斯LF-CC,
90,雷克萨斯,1808,雷克萨斯NX,
90,雷克萨斯,1868,雷克萨斯RC,
91,雷诺,280,风景,
91,雷诺,281,威赛帝,
91,雷诺,282,梅甘娜,
91,雷诺,284,拉古那,
91,雷诺,635,科雷傲,
91,雷诺,898,纬度,
91,雷诺,925,风朗,
91,雷诺,1072,雷诺dezir电动车,
91,雷诺,1321,雷诺Frendzy,
91,雷诺,1322,雷诺CAPTUR,
91,雷诺,1425,塔利斯曼,
91,雷诺,1568,雷诺Clio,
91,雷诺,1592,雷诺R-Space,
91,雷诺,1697,雷诺ALPINE,
91,雷诺,1906,雷诺 twingo,
91,雷诺,1947,雷诺Espace,
91,雷诺,2096,FLUENCE ZE,
91,雷诺,2097,KANGOO ZE,
91,雷诺,2098,ZOE,
91,雷诺,2099,TWIZY ZE,
24,MG,469,MG TF,
24,MG,470,MG7,
24,MG,660,MG6,
24,MG,885,MG3,
24,MG,981,MG5,
24,MG,1068,AUSTIN SEVEN,
24,MG,1413,锐腾,
24,MG,1450,Icon,
24,MG,2019,MG GT,
15,马自达,404,马自达3经典款,
15,马自达,525,马自达2,
15,马自达,1243,马自达3星骋,
15,马自达,1725,马自达CX-5,
15,马自达,1847,马自达3昂克赛拉,
15,马自达,105,马自达6,
15,马自达,572,马自达6睿翼,
15,马自达,750,马自达8,
15,马自达,1846,马自达CX-7,
15,马自达,1926,马自达6阿特兹,
15,马自达,291,马自达RX-8,
15,马自达,344,马自达2-进口,
15,马自达,518,马自达5,
15,马自达,536,马自达3-进口,
15,马自达,608,马自达CX-7-进口,
15,马自达,610,马自达MX-5,
15,马自达,978,Shinari,
15,马自达,1178,马自达CX-5-进口,
15,马自达,1285,Minagi,
15,马自达,1303,马自达TAKERI,
15,马自达,1383,马自达CX-9,
15,马自达,1689,马自达ATENZA,
15,马自达,1774,马自达CX-3,
97,MINI,403,MINI,
97,MINI,568,MINI CLUBMAN,
97,MINI,628,MINI COUNTRYMAN,
97,MINI,912,MINI E,
97,MINI,1020,MINI GOODWOOD,
97,MINI,1021,MINI ROCKETMAN,
97,MINI,1160,MINI COUPE,
97,MINI,1260,MINI ROADSTER,
97,MINI,1564,MINI PACEMAN,
97,MINI,1641,MINI CLUBVAN,
146,摩根,1879,摩根Aero,
146,摩根,1880,摩根Plus 8,
146,摩根,1881,摩根Roadster,
146,摩根,1882,摩根4-4,
146,摩根,1883,摩根Plus 4,
146,摩根,2058,摩根3 Wheeler,
96,迈巴赫,224,迈巴赫62,
96,迈巴赫,225,迈巴赫57,
95,玛莎拉蒂,383,总裁,
95,玛莎拉蒂,384,Spyder,
95,玛莎拉蒂,385,GranSport,
95,玛莎拉蒂,550,GranTurismo,
95,玛莎拉蒂,768,GranCabrio,
95,玛莎拉蒂,1161,GranTurismo MC Stradale,
95,玛莎拉蒂,1182,Kubang,
95,玛莎拉蒂,1661,Ghibli,
95,玛莎拉蒂,1955,玛莎拉蒂Alfieri,
135,迈凯伦,1576,迈凯伦12C,
135,迈凯伦,1623,迈凯伦P1,
135,迈凯伦,1887,迈凯伦650S,
135,迈凯伦,2088,迈凯伦625C,
142,南京依维柯,1737,得意,
142,南京依维柯,1738,都灵,
142,南京依维柯,1739,宝迪,
53,南汽新雅途,149,新雅途,
53,南汽新雅途,176,新雅途・优尼柯,
120,东风裕隆纳智捷,979,大7 MPV,
120,东风裕隆纳智捷,1088,MASTER CEO,
120,东风裕隆纳智捷,1090,大7 SUV,
120,东风裕隆纳智捷,1275,大7 SUV-电动,
120,东风裕隆纳智捷,1276,大7 CEO-电动,
120,东风裕隆纳智捷,1676,纳智捷 5 Sedan,
120,东风裕隆纳智捷,1749,优6 SUV,
72,讴歌,402,讴歌TL,
72,讴歌,427,讴歌RL,
72,讴歌,473,讴歌MDX,
72,讴歌,623,讴歌TSX,
72,讴歌,671,讴歌RDX,
72,讴歌,695,讴歌ZDX,
72,讴歌,1362,NSX,
72,讴歌,1376,讴歌ILX,
72,讴歌,1595,讴歌RLX,
72,讴歌,1674,讴歌SUV-X,
72,讴歌,1961,讴歌TLX,
126,欧朗,755,欧朗,
98,欧宝,287,雅特,
98,欧宝,288,威达,
98,欧宝,289,赛飞利,
98,欧宝,574,安德拉,
98,欧宝,1194,欧宝RAK e,
98,欧宝,1400,欧宝Mokka,
98,欧宝,1647,Cascada,
98,欧宝,1648,欧宝Adam,
98,欧宝,1657,英速亚,
98,欧宝,1812,麦瑞纳,
98,欧宝,1829,欧宝Monza,
144,帕加尼,1860,Zonda,
144,帕加尼,1861,Huayra,
99,旁蒂克,309,Sunfire,
99,旁蒂克,310,Vibe,
99,旁蒂克,311,Grand Am,
125,启辰,892,启辰D50,
125,启辰,1496,晨风,
125,启辰,1553,启辰R50,
125,启辰,1703,启辰Viwa,
125,启辰,1820,启辰R50X,
125,启辰,2009,启辰R30,
125,启辰,2084,启辰T70,
152,乔治巴顿G.PATTON,2006,勇士&#8226;战剑,
152,乔治巴顿G.PATTON,2011,极光电动摩托车,
152,乔治巴顿G.PATTON,2063,超级越野车,
17,起亚,51,千里马,
17,起亚,52,普莱特,
17,起亚,150,嘉华,
17,起亚,157,远舰,
17,起亚,250,赛拉图,
17,起亚,454,锐欧,
17,起亚,507,狮跑,
17,起亚,643,福瑞迪,
17,起亚,664,秀尔,
17,起亚,859,智跑,
17,起亚,903,起亚K5,
17,起亚,942,起亚K2,
17,起亚,1548,起亚K3,
17,起亚,1701,华骐,
17,起亚,1885,起亚K4,
17,起亚,1929,起亚K3S,
17,起亚,2086,傲跑,
17,起亚,338,狮跑-进口,
17,起亚,339,欧菲莱斯,
17,起亚,340,佳乐,
17,起亚,341,索兰托,
17,起亚,346,Picanto,
17,起亚,482,起亚VQ,
17,起亚,562,霸锐,
17,起亚,673,Koup,
17,起亚,724,速迈,
17,起亚,766,凯尊,
17,起亚,1016,起亚NAIMO,
17,起亚,1103,起亚K5混动版,
17,起亚,1163,起亚K9,
17,起亚,1236,起亚GT,
17,起亚,1467,起亚Track-ster,
17,起亚,1517,起亚RAY EV,
17,起亚,1631,起亚Provo,
17,起亚,1875,起亚GT4 Stinger,
17,起亚,1974,起亚Niro,
54,奇瑞,83,旗云,
54,奇瑞,84,东方之子,
54,奇瑞,85,QQ,
54,奇瑞,185,瑞虎3,
54,奇瑞,360,奇瑞A5,
54,奇瑞,480,奇瑞A1,
54,奇瑞,566,QQ6,
54,奇瑞,614,奇瑞A3,
54,奇瑞,663,QQme,
54,奇瑞,707,风云2,
54,奇瑞,709,奇瑞X1,
54,奇瑞,816,旗云1,
54,奇瑞,817,旗云2,
54,奇瑞,818,旗云3,
54,奇瑞,935,奇瑞E5,
54,奇瑞,1009,旗云5,
54,奇瑞,1428,奇瑞TX,
54,奇瑞,1461,奇瑞@ant,
54,奇瑞,1533,奇瑞eQ,
54,奇瑞,1666,瑞虎5,
54,奇瑞,1671,艾瑞泽7,
54,奇瑞,1770,奇瑞E3,
54,奇瑞,1886,艾瑞泽3,
54,奇瑞,1891,爱卡,
54,奇瑞,1967,奇瑞α Concept,
54,奇瑞,1968,奇瑞β Concept,
57,荣威,456,荣威750,
57,荣威,547,荣威550,
57,荣威,740,荣威350,
57,荣威,829,荣威W5,
57,荣威,988,荣威750-混动,
57,荣威,1030,荣威E50,
57,荣威,1421,荣威950,
57,荣威,1491,荣威550-混动,
12,日产,78,蓝鸟,
12,日产,159,天籁,
12,日产,189,颐达,
12,日产,253,骐达,
12,日产,428,轩逸,
12,日产,448,骏逸,
12,日产,474,骊威,
12,日产,523,逍客,
12,日产,578,奇骏,
12,日产,756,玛驰,
12,日产,877,阳光,
12,日产,1162,楼兰,
12,日产,93,帕拉丁,
12,日产,690,ZN6493,
12,日产,729,D22皮卡,
12,日产,764,NV200,
12,日产,272,350Z,
12,日产,273,贵士,
12,日产,274,西玛,
12,日产,275,风度,
12,日产,276,奇骏-进口,
12,日产,277,途乐,
12,日产,629,GT-R,
12,日产,676,日产370Z,
12,日产,763,March,
12,日产,815,碧莲,
12,日产,831,聆风,
12,日产,907,Juke,
12,日产,1083,zeroEmission-电动车,
12,日产,1101,CompactSport,
12,日产,1310,日产Esflow,
12,日产,1311,日产Townpod,
12,日产,1312,NV350,
12,日产,1325,new mobility concept,
12,日产,1347,日产Pivo 3,
12,日产,1366,Pathfinder,
12,日产,1375,NV200-电动,
12,日产,1392,日产INVITATION,
12,日产,1604,日产MIXIM,
12,日产,1611,日产Resonance,
12,日产,1629,日产Note,
12,日产,1662,Friend-ME,
12,日产,1876,日产Sport Sedan,
12,日产,1991,LANNIA,
58,瑞麒,637,瑞麒G6,
58,瑞麒,647,瑞麒M1,
58,瑞麒,703,瑞麒G5,
58,瑞麒,773,瑞麒G3,
58,瑞麒,852,瑞麒M5,
58,瑞麒,995,瑞麒Z5,
58,瑞麒,1006,瑞麒G3-电动版,
58,瑞麒,1271,瑞麒G2,
58,瑞麒,1476,瑞麒M1-EV,
58,瑞麒,1477,瑞麒M1-REEV,
103,斯巴鲁,226,翼豹,
103,斯巴鲁,227,傲虎,
103,斯巴鲁,228,力狮,
103,斯巴鲁,229,森林人,
103,斯巴鲁,462,驰鹏,
103,斯巴鲁,1015,斯巴鲁XV,
103,斯巴鲁,1313,斯巴鲁Advanced Toure-r,
103,斯巴鲁,1314,斯巴鲁BRZ,
103,斯巴鲁,1638,斯巴鲁VIZIV2,
124,上汽大通MAXUS,1099,上汽大通V80,
124,上汽大通MAXUS,1851,上汽大通G10,
18,三菱,152,菱绅,
18,三菱,418,蓝瑟,
18,三菱,443,戈蓝,
18,三菱,585,君阁,
18,三菱,672,翼神,
18,三菱,1751,风迪思,
18,三菱,2094,DX7博朗,
18,三菱,290,格蓝迪,
18,三菱,430,蓝瑟-进口,
18,三菱,464,欧蓝德,
18,三菱,509,帕杰罗-进口,
18,三菱,526,伊柯丽斯,
18,三菱,564,Lancer EX,
18,三菱,681,Lancer Sportback,
18,三菱,771,ASX劲炫-进口,
18,三菱,1059,Global Small,
18,三菱,1076,三菱PX-MiEV,
18,三菱,1338,Mirage,
18,三菱,1640,三菱CA-MiEV,
18,三菱,1644,三菱GR-HEV,
18,三菱,1704,三菱G4,
18,三菱,1717,帕杰罗劲畅-进口,
18,三菱,1950,三菱XR-PHEV,
18,三菱,1952,三菱GC-PHEV,
18,三菱,166,帕杰罗,
18,三菱,1462,劲炫ASX,
18,三菱,1777,帕杰罗・劲畅,
100,萨博,202,萨博9-2,
100,萨博,203,萨博9-7,
100,萨博,204,萨博9-3,
100,萨博,205,萨博9-5,
101,世爵,249,世爵C8,
101,世爵,394,世爵D12,
19,斯柯达,457,明锐,
19,斯柯达,601,晶锐,
19,斯柯达,640,昊锐,
19,斯柯达,1573,昕锐,
19,斯柯达,1767,速派,
19,斯柯达,1782,野帝,
19,斯柯达,1848,昕动,
19,斯柯达,316,明锐-进口,
19,斯柯达,317,昊锐-进口,
19,斯柯达,318,晶锐-进口,
19,斯柯达,884,Yeti,
19,斯柯达,1052,明锐Green E Line,
19,斯柯达,1066,Vision D,
19,斯柯达,1245,斯柯达Mission L,
19,斯柯达,1389,斯柯达Citigo,
19,斯柯达,1799,Rapid Spaceback,
19,斯柯达,1850,速尊,
19,斯柯达,1914,斯柯达Vision C,
61,双环汽车,180,SCEO,
61,双环汽车,458,小贵族,
102,双龙,297,雷斯特W,
102,双龙,304,主席,
102,双龙,336,路帝,
102,双龙,417,爱腾,
102,双龙,450,享御,
102,双龙,1167,柯兰多,
102,双龙,1401,双龙XIV-2,
102,双龙,1909,双龙XLV,
74,smart,377,smart fortwo,
74,smart,1023,smart-电动,
74,smart,1034,smartForSpeed,
74,smart,1211,smart forvision,
74,smart,1484,smart for-us,
74,smart,1488,smart dragon edition,
74,smart,1685,smart forjeremy,
74,smart,1686,smart forstars,
74,smart,1792,smart FourJoy,
74,smart,2060,smart forfour,
59,上海华普,196,海迅,
59,上海华普,199,海域,
59,上海华普,298,海尚,
59,上海华普,517,海锋,
59,上海华普,571,海悦,
73,Scion,263,丰田Scion,
156,泰卡特,2028,泰卡特 T1,
156,泰卡特,2029,泰卡特 T2,
156,泰卡特,2030,泰卡特 T3,
156,泰卡特,2031,泰卡特 T7,
156,泰卡特,2032,泰卡特 T9,
104,塔塔,368,IndicaV2,
104,塔塔,369,indigo,
138,特斯拉,1709,特斯拉Model S,
138,特斯拉,1862,特斯拉Model X,
131,腾势,1430,腾势,
62,天津一汽,70,威姿,
62,天津一汽,79,夏利A+,
62,天津一汽,140,威乐,
62,天津一汽,442,威志,
62,天津一汽,688,夏利N3,
62,天津一汽,714,夏利N5,
62,天津一汽,860,威志V2,
62,天津一汽,1073,骏派D60,
62,天津一汽,1091,091F EV,
62,天津一汽,1132,夏利N7,
62,天津一汽,1426,威志V5,
151,潍柴英致汽车,2013,英致G3,
65,五菱,58,五菱之光,
65,五菱,156,扬光,
65,五菱,697,鸿途,
65,五菱,698,五菱荣光,
65,五菱,699,兴旺,
65,五菱,826,小旋风,
65,五菱,827,PN系列货车,
65,五菱,841,五菱宏光,
65,五菱,2114,五菱征程,
65,五菱,2132,五菱宏光V,
13,沃尔沃,431,沃尔沃S40,
13,沃尔沃,630,沃尔沃S80L,
13,沃尔沃,233,沃尔沃S80,
13,沃尔沃,238,沃尔沃XC90,
13,沃尔沃,468,沃尔沃C70,
13,沃尔沃,486,沃尔沃C30,
13,沃尔沃,633,沃尔沃XC60-进口,
13,沃尔沃,758,沃尔沃S60,
13,沃尔沃,1024,沃尔沃V60,
13,沃尔沃,1025,天地,
13,沃尔沃,1041,沃尔沃123GT,
13,沃尔沃,1237,沃尔沃Concept You,
13,沃尔沃,1384,沃尔沃V40,
13,沃尔沃,1558,沃尔沃XC40,
13,沃尔沃,1800,沃尔沃Coupe,
13,沃尔沃,1871,沃尔沃XC Coupe,
13,沃尔沃,1896,Estate,
13,沃尔沃,2107,S60L-混动版,
13,沃尔沃,1843,沃尔沃S60L,
13,沃尔沃,2055,沃尔沃XC CLASSIC,
13,沃尔沃,2079,沃尔沃XC60,
130,威兹曼,1522,威兹曼GT,
130,威兹曼,1523,威兹曼Roadster,
64,威麟,684,威麟V5,
64,威麟,685,威麟H5,
64,威麟,686,威麟V8,
64,威麟,687,威麟X5,
64,威麟,875,威麟H3,
105,西雅特,370,LEON,
105,西雅特,943,IBIZA伊比飒,
105,西雅特,1217,欧悦搏,
105,西雅特,1218,EXEO,
105,西雅特,1219,西雅特EXEOst,
105,西雅特,1220,西雅特IBIZA ST,
105,西雅特,1244,IBL,
105,西雅特,1297,IBX,
105,西雅特,1298,IBE,
105,西雅特,1416,Toledo,
105,西雅特,1457,IBIZA Cupra,
105,西雅特,1577,西雅特Mii,
20,现代,18,索纳塔,
20,现代,25,伊兰特,
20,现代,195,途胜,
20,现代,331,领翔,
20,现代,392,雅绅特,
20,现代,545,悦动,
20,现代,639,i30,
20,现代,679,名驭,
20,现代,700,伊兰特-两厢,
20,现代,745,ix35,
20,现代,830,瑞纳,
20,现代,876,索纳塔八,
20,现代,1525,朗动,
20,现代,1596,全新胜达,
20,现代,1667,名图,
20,现代,1930,瑞奕,
20,现代,1936,ix25,
20,现代,314,美佳,
20,现代,330,雅科仕,
20,现代,337,新胜达-进口,
20,现代,342,酷派,
20,现代,390,雅尊,
20,现代,460,维拉克斯,
20,现代,563,捷恩斯,
20,现代,634,劳恩斯-酷派,
20,现代,832,辉翼,
20,现代,915,i40,
20,现代,926,现代FS,
20,现代,929,ix20,
20,现代,953,飞思,
20,现代,1000,现代Bluedrive,
20,现代,1004,现代cur3,
20,现代,1079,索纳塔八-混动,
20,现代,1405,现代i-oniq,
20,现代,1406,现代i20,
20,现代,1486,首望BHCD-1,
20,现代,1747,格锐,
20,现代,1807,现代i10,
20,现代,1845,现代HND-9,
20,现代,1917,现代intrado,
20,现代,2093,索纳塔九,
20,现代,1923,康恩迪,
22,雪佛兰,181,景程,
22,雪佛兰,182,赛欧,
22,雪佛兰,252,乐骋,
22,雪佛兰,391,乐风,
22,雪佛兰,595,科鲁兹,
22,雪佛兰,938,迈锐宝,
22,雪佛兰,1119,赛欧SPRINGO,
22,雪佛兰,1149,爱唯欧,
22,雪佛兰,1350,科帕奇,
22,雪佛兰,1572,TRAX创酷,
22,雪佛兰,519,科帕奇-进口,
22,雪佛兰,590,沃蓝达,
22,雪佛兰,650,科尔维特,
22,雪佛兰,651,科迈罗,
22,雪佛兰,893,斯帕可,
22,雪佛兰,1031,Camaro SS,
22,雪佛兰,1235,雪佛兰Miray,
22,雪佛兰,1272,奥兰多,
22,雪佛兰,1356,Sonic,
22,雪佛兰,1365,雪佛兰Code 130R,
22,雪佛兰,1374,雪佛兰Tru 140S,
22,雪佛兰,1621,雪佛兰Impala,
22,雪佛兰,1627,科尔维特Stingray,
22,雪佛兰,2016,Silverado,
22,雪佛兰,2018,雪佛兰SS,
22,雪佛兰,2036,西尔维拉多,
23,雪铁龙,47,富康,
23,雪铁龙,48,经典爱丽舍,
23,雪铁龙,49,毕加索,
23,雪铁龙,50,赛纳,
23,雪铁龙,401,凯旋,
23,雪铁龙,440,C2,
23,雪铁龙,557,世嘉,
23,雪铁龙,706,C5,
23,雪铁龙,1432,雪铁龙C4L,
23,雪铁龙,1810,全新爱丽舍,
23,雪铁龙,1999,C3-XR,
23,雪铁龙,433,C5-进口,
23,雪铁龙,444,C4,
23,雪铁龙,449,C6,
23,雪铁龙,588,大C4毕加索,
23,雪铁龙,627,C-Crosser,
23,雪铁龙,1039,1931半履带车,
23,雪铁龙,1040,雪铁龙LACOSTE,
23,雪铁龙,1109,Traction,
23,雪铁龙,1114,雪铁龙C-ZERO,
23,雪铁龙,1418,C4 Aircross,
23,雪铁龙,1516,雪铁龙C3,
23,雪铁龙,1575,Tubik,
23,雪铁龙,1636,雪铁龙TECHNOSPACE,
23,雪铁龙,1794,雪铁龙Cactus,
23,雪铁龙,1892,雪铁龙C1,
23,雪铁龙,1898,雪铁龙C4 Cactus,
109,野马汽车,742,野马F99,
109,野马汽车,1249,野马F16,
109,野马汽车,1529,野马F12,
109,野马汽车,1530,野马F10,
109,野马汽车,1857,野马T70,
70,永源汽车,527,飞碟UFO,
70,永源汽车,648,永源A380,
70,永源汽车,1524,永源五星,
70,永源汽车,1690,猎鹰,
68,一汽吉林,365,AV6,
68,一汽吉林,366,福星,
68,一汽吉林,367,CA6360,
68,一汽吉林,495,森雅M80,
68,一汽吉林,896,森雅S80,
68,一汽吉林,924,佳宝V70,
68,一汽吉林,1550,佳宝V52,
68,一汽吉林,1551,佳宝V55,
68,一汽吉林,1835,佳宝V80,
69,一汽通用,434,自由风,
69,一汽通用,1166,坤程,
106,英菲尼迪,2081,Q50L,
106,英菲尼迪,2149,QX50,
106,英菲尼迪,278,FX,
106,英菲尼迪,279,QX,
106,英菲尼迪,488,英菲尼迪G Sedan,
106,英菲尼迪,532,M,
106,英菲尼迪,575,EX,
106,英菲尼迪,1017,Etherea,
106,英菲尼迪,1027,英菲尼迪F1赛车,
106,英菲尼迪,1171,JX35,
106,英菲尼迪,1391,Emerg-E,
106,英菲尼迪,1608,Q50,
106,英菲尼迪,1786,QX80,
106,英菲尼迪,1787,QX60,
106,英菲尼迪,1788,Q60,
106,英菲尼迪,1789,QX70,
106,英菲尼迪,1790,QX50-进口,
106,英菲尼迪,1791,Q70L,
106,英菲尼迪,1803,Q30,
106,英菲尼迪,1870,Q50 Eau Rouge,
106,英菲尼迪,2041,ESQ,
67,一汽华利,106,特锐,
67,一汽华利,107,幸福使者,
118,中欧奔驰房车,927,尊逸,
118,中欧奔驰房车,1712,尊适,
118,中欧奔驰房车,1713,尊铂,
118,中欧奔驰房车,1714,尊致,
118,中欧奔驰房车,1715,维达莱斯,
140,之诺,1834,之诺1E,
40,中兴汽车,114,驰野2400,
40,中兴汽车,115,中兴旗舰SUV,
40,中兴汽车,178,中兴福星SUV,
40,中兴汽车,345,中兴无限,
40,中兴汽车,851,中兴无限V7,
40,中兴汽车,853,中兴无限V5,
40,中兴汽车,854,中兴威虎海外版,
40,中兴汽车,855,中兴旗舰A9,
40,中兴汽车,856,长铃皮卡,
40,中兴汽车,857,中兴威虎G3,
40,中兴汽车,1268,中兴威虎TUV,
40,中兴汽车,2142,中兴GX3,
40,中兴汽车,1508,中兴C3,
71,众泰,358,2008,
71,众泰,597,江南TT,
71,众泰,609,M300,
71,众泰,613,5008,
71,众泰,824,2008EV,
71,众泰,928,Z200,
71,众泰,950,朗悦Cross,
71,众泰,1095,T200,
71,众泰,1096,T300,
71,众泰,1097,T600,
71,众泰,1100,Z300,
71,众泰,1105,朗悦EV,
71,众泰,1170,V10,
71,众泰,1518,5008EV,
71,众泰,1691,Z100,
71,众泰,1809,Z200HB,
71,众泰,1932,知豆E20,
71,众泰,1942,Z500,
71,众泰,2070,云100,
147,Zenvo,1888,Zenvo ST1,
154,浙江卡尔森,2020,卡尔森凌特,
154,浙江卡尔森,2023,卡尔森威霆,
154,浙江卡尔森,2025,卡尔森中誉,